ghidra_addr	file_vaddr	kind	role	calls	called_by	evidence_strings
0x00102020	0x2020	plt-stub	PLT0 / dynamic resolver stub (calls through GOT[1])	0x102020	0x102020	
0x00102840	0x2840	main cold	cold error-path fragment: 'proxy read'/'proxy read too long'	0x102840	0x102840	
0x00102866	0x2866	strtoport cold	cold fragment: port/service parse errors	0x102866	0x102866	
0x00102895	0x2895	helper	set_common_sockopts: TTL/ToS/min-TTL/IPv6 hop + TCP buffer sizes	0x102895;0x1055b0	0x102895;0x1055b0	
0x0010293b	0x293b	remote_connect	remote_connect hot path (connect + 'timed out')	0x10293b;0x1055b0	0x10293b	
0x00102a32	0x2a32	writep cold	cold write-error fragment ('write failed (%zu/2)')	0x102a32;0x105340;0x105b40;0x106120	0x102a32;0x106120	
0x00102a48	0x2a48	main cold	cold read/write error fragment ('Write Error!','polling error')	0x102a48;0x105340;0x105b40;0x106120	0x102a48	
0x00102a6e	0x2a6e	helper cold	cold getnameinfo wrapper	0x102a6e	0x102a6e	
0x00102a90	0x2a90	main	main() - option parsing, proxy setup (SOCKS4/4A/5 + HTTP CONNECT), listen/connect dispatch	0x102a90;0x105340;0x105440;0x1054d0;0x105510;0x1055b0;0x1059d0;0x105bb0;0x105c60;0x106300;0x106b00;0x106c20	0x102a90	
0x00105240	0x5240	entry	_start / entry (passes main to __libc_start_main)	-	-	
0x00105270	0x5270	trampoline	compiler-generated empty trampoline	0x105270	0x105270	
0x001052a0	0x52a0	trampoline	compiler-generated empty trampoline	0x1052a0	0x1052a0	
0x00105330	0x5330	thunk	exit(0) thunk	0x105330	0x105330	
0x00105340	0x5340	atomicio	atomicio() - retry read/write on EINTR/EAGAIN with poll	0x105340	0x102a90;0x106300;0x102a48;0x102a32;0x105340;0x106120;0x105440	
0x00105440	0x5440	proxy helper	proxy response line reader (read until LF, 1024 cap)	0x105340;0x105440	0x102a90;0x105440	
0x001054d0	0x54d0	usage	usage() - prints short usage and exits	0x1054d0	0x102a90;0x1054d0	
0x00105510	0x5510	strtoport	strtoport() - numeric port or getservbyname lookup	0x105510	0x102a90;0x105510	
0x001055b0	0x55b0	helper	socket-option/connect helper used by connect + listen paths	0x102895;0x1055b0	0x102a90;0x10293b;0x102895;0x1055b0;0x105c60	
0x001059d0	0x59d0	resolver	getaddrinfo -> sockaddr_storage resolver helper	0x1059d0	0x102a90;0x1059d0	
0x00105b40	0x5b40	fillbuf	fillbuf() - read into buffer, EAGAIN/EINTR aware	0x105b40	0x106300;0x102a48;0x102a32;0x105b40	
0x00105bb0	0x5bb0	unix addr	UNIX sockaddr builder (handles abstract '@' paths)	0x105bb0	0x102a90;0x105bb0;0x106c20	
0x00105c60	0x5c60	remote_connect	remote_connect() - connect w/ timeout, verbose getnameinfo, minttl check	0x1055b0;0x105c60	0x102a90;0x105c60	
0x00106120	0x6120	writep	writep() - write with -C CRLF translation and -q delay	0x102a32;0x105340;0x106120	0x106300;0x102a48;0x102a32;0x106120	
0x00106300	0x6300	readwrite	readwrite() - main poll loops over stdin/stdout/net (16KB buffers)	0x105340;0x105b40;0x106120;0x106300	0x102a90;0x106300	
0x00106b00	0x6b00	report_sock	report_sock() - '%s on %s %s' verbose reporting	0x106b00	0x102a90;0x106b00;0x106c20	
0x00106c20	0x6c20	unix_bind	unix_bind() - build UNIX addr, socket/bind (abstract-aware)	0x105bb0;0x106b00;0x106c20	0x102a90;0x106c20	
0x00106d08	0x6d08	fini	_fini / DT_FINI	-	-	
